description,category_id,meta_info,product_id,pdp_url,sku,brand,feature_image,department_id,mrp,product_name,feature_image_s3,channel_id,feature_list,style_attributes,category_name,Retailer_name,df_name
white shirt,91.0,"Shirt Button, Pocket Details Long Sleeve Sleeve Length Collar Neckline Loose Long Length White Color Plain Casual Style Regular Sleeve sm2407244338916880 goods_sn Asymmetrical Hem Shaped",ab3e06cc18bc5346c1ef8a2eabc7a8697e6b1f93b4cf3aca03bc399610f081d5,https://us.shein.com/Off-White-Men-s-Shirt-WHITE-OMYD059S24DEN0010202-p-41101578-cat-1979.html,41101578,Off-White,https://img.ltwebstatic.com/images3_spmp/2024/07/24/87/172181833529afa313bbc1d586213637e7f62dadf3.jpg,1.0,77241,Off White Men s Shirt WHITE OMYD059S24DEN0010202,https://assets.stylumia.com/originals/2024/08/49/ab3e06cc18bc5346c1ef8a2eabc7a8697e6b1f93b4cf3aca03bc399610f081d5.jpg,49.0,[],"{'Type': 'Shirt', 'Details': 'Button, Pocket', 'Sleeve Length': 'Long Sleeve', 'Neckline': 'Collar', 'Fit Type': 'Loose', 'Length': 'Long', 'Color': 'White', 'Pattern Type': 'Plain', 'Style': 'Casual', 'Sleeve Type': 'Regular Sleeve', 'goods_sn': 'sm2407244338916880', 'Hem Shaped': 'Asymmetrical'}",Shirts,Shein US,shirts
purple saree,88.0,JP FAB Supplier Information,6d7a8c88954fe91478523400b6c311de14c4f0701f3844eec56a95fe15cadd81,https://www.meesho.com/vansh-saree-partywear-purple/p/6j044f,6j044f,Generic,https://images.meesho.com/images/products/394715103/2i50r.jpg,2.0,515,vansh saree partywear purple,https://assets.stylumia.com/originals/2024/11/401/6d7a8c88954fe91478523400b6c311de14c4f0701f3844eec56a95fe15cadd81.jpg,401.0,[],{'Supplier Information': 'JP FAB'},Sarees,Meesho IN,saree
"The saree in the image is a traditional Indian garment known as a saree, characterized by its long length and the use of silk or cotton fabric. The color of the saree in the image is primarily purple",88.0,JAY RADHIKA Supplier Information,c60fe3cbcfa9689c09b70de5ec6c96db9d2addf3349473e0cdfd06673c7f9115,https://www.meesho.com/latest-ethnic-pure-cotton-printed-saree-with-separate-blouse-beautiful-traditional-ethnic-indian-wear-saree-with-blouse-piece-this-saree-gives-ethnic-indian-look-jaipuri-hand-block-printed-soft-cotton-mulmul-saree-ikat-printed-handloom-pure-traditional-cotton-sarees-with-blouse-piece/p/7c2z8f,7c2z8f,Generic,https://images.meesho.com/images/products/443557599/2qo7a.jpg,2.0,999,"Latest Ethnic Pure Cotton Printed Saree With Separate Blouse, Beautiful Traditional Ethnic Indian Wear Saree with Blouse Piece, This Saree gives  Ethnic Indian look, Jaipuri Hand Block Printed Soft Cotton Mulmul Saree, Ikat Printed Handloom Pure Traditional Cotton Sarees With Blouse Piece.",https://assets.stylumia.com/originals/2024/11/401/c60fe3cbcfa9689c09b70de5ec6c96db9d2addf3349473e0cdfd06673c7f9115.jpg,401.0,[],{'Supplier Information': 'JAY RADHIKA'},Sarees,Meesho IN,saree
"The product in the image is a purple saree. It's a traditional Indian garment, typically worn by women",88.0,BHARODIYA ENTERPRISES Supplier Information,add42058d450d06f07571920e7d5927b6e0ee904167aa830756ed24b2d0ee231,https://www.meesho.com/bharodiya-enterpises-velvet-purple-lace-border-solid-saree-with-blouse-saree-for-women-trending-saree-for-women-velvet-saree-for-women-velvet-sarees-new-collection/p/1cdrmo,1cdrmo,Generic,https://images.meesho.com/images/products/81263904/rgsl0.jpg,2.0,1599,BHARODIYA ENTERPISES Velvet Purple Lace border Solid Saree With Blouse || Saree For Women || Trending Saree For Women ||  velvet saree for women ||  velvet sarees new collection,https://assets.stylumia.com/originals/2024/11/401/add42058d450d06f07571920e7d5927b6e0ee904167aa830756ed24b2d0ee231.jpg,401.0,[],{'Supplier Information': 'BHARODIYA ENTERPRISES'},Sarees,Meesho IN,saree
"product_name:A modest defence of public stews; Or An essay upon whoring as it is now practis'd in these kingdoms. 1724 [Hardcover]
feature_image url:https://t1.sdlcdn.com/imgs/k/l/1/230X258_sharpened/A-modest-defence-of-public-SDL487023679-1-d41a3.jpg
mrp:705
url:https://www.snapdeal.com/product/a-modest-defence-of-public/644267177751#bcrumbSearch:The%20product%20in%20the%20image%20is%20a%20purple%20saree%2C%20which%20is%20a%20traditional%20Indian%20garment%20made%20of%20silk%20or%20a%20silk%20blend.%20The%20saree%20is%20draped%20over%20a%20woman%27s%20body
meta_info:Snapdeal data",,Snapdeal data,,https://www.snapdeal.com/product/a-modest-defence-of-public/644267177751#bcrumbSearch:The%20product%20in%20the%20image%20is%20a%20purple%20saree%2C%20which%20is%20a%20traditional%20Indian%20garment%20made%20of%20silk%20or%20a%20silk%20blend.%20The%20saree%20is%20draped%20over%20a%20woman%27s%20body,,,https://t1.sdlcdn.com/imgs/k/l/1/230X258_sharpened/A-modest-defence-of-public-SDL487023679-1-d41a3.jpg,,705,A modest defence of public stews; Or An essay upon whoring as it is now practis'd in these kingdoms. 1724 [Hardcover],,,,,,,df_imported
"product_name:Zetetic Cosmogony Or Conclusive Evidence that the World is Not a Rotating-revolving-globe, But ... 1899 [Hardcover]
feature_image url:https://t3.sdlcdn.com/imgs/k/l/1/230X258_sharpened/Zetetic-Cosmogony-Or-Conclusive-Evidence-SDL765003573-1-2a855.jpg
mrp:714
url:https://www.snapdeal.com/product/zetetic-cosmogony-or-conclusive-evidence/624721962331#bcrumbSearch:%20a%20purple%20saree%2C%20which%20is%20a%20traditional%20Indian%20garment%20made%20of%20silk%20or%20a%20silk%20blend.%20The%20saree%20is%20draped%20over%20a%20woman%27s%20body
meta_info:Snapdeal data",,Snapdeal data,,https://www.snapdeal.com/product/zetetic-cosmogony-or-conclusive-evidence/624721962331#bcrumbSearch:%20a%20purple%20saree%2C%20which%20is%20a%20traditional%20Indian%20garment%20made%20of%20silk%20or%20a%20silk%20blend.%20The%20saree%20is%20draped%20over%20a%20woman%27s%20body,,,https://t3.sdlcdn.com/imgs/k/l/1/230X258_sharpened/Zetetic-Cosmogony-Or-Conclusive-Evidence-SDL765003573-1-2a855.jpg,,714,"Zetetic Cosmogony Or Conclusive Evidence that the World is Not a Rotating-revolving-globe, But ... 1899 [Hardcover]",,,,,,,df_imported
" the image is a purple saree, which is a traditional Indian garment made of silk or a silk blend. The saree is draped over a woman's body",88.0,Deep Kiran Fabrics Supplier Information,2a15adeab3da677cf21d9acd73d2d7b04e8a9f7eda56cb4a6b4f651431d98e35,https://www.meesho.com/designer-elephant-design-border-saree-women-art-silk-with-blouse-piece-saree-womens-new-latest-stayle-designer-cotton-silk-saree-for-women-womens-kanjivaram-design-banarasi-soft-silk-saree-pure-with-blouse-piece-design-banarasi-silk-saree/p/1argl0,1argl0,Generic,https://images.meesho.com/images/products/78543540/6ow7i.jpg,2.0,1499,DESIGNER Elephant Design Border Saree Women Art Silk With Blouse Piece Saree | Women's New Latest Stayle Designer Cotton Silk Saree For Women | Women's Kanjivaram Design Banarasi Soft Silk Saree Pure with Blouse Piece Design Banarasi Silk Saree,https://assets.stylumia.com/originals/2024/11/401/2a15adeab3da677cf21d9acd73d2d7b04e8a9f7eda56cb4a6b4f651431d98e35.jpg,401.0,[],{'Supplier Information': 'Deep Kiran Fabrics'},Sarees,Meesho IN,saree
"s a purple saree, which is a traditional Indian garment made of silk or a silk blend. The saree is draped over a woman's body",88.0,"Embroidered Pattern Dry Clean Care instructions Embroidered Responsible production Responsiblity Criteria Party Occasion Single Pack Size 1 Saree, 1 Unstitched Blouse Pack contains B-4024,aashirwad Textile Market Surat, Gujarat- 395010 Address of Manufacturer/ Packer/ Importer Aarsh Lifestyle Private Limited Sold By India Country of Origin Aarsh Lifestyle Private Limited Name of Manufacturer/ Packer/ Importer",d697d6cd8dec8dc557a3d403e8185f1e2266533f41e170f403c74726f2f88be7,https://www.nykaafashion.com/akhilam-saree-mall-women-s-vichitra-silk-green-embroidered-designer-saree-with-unstitched/p/15674492,AKHIL00008761,Akhilam,https://adn-static1.nykaa.com/nykdesignstudio-images/pub/media/catalog/product/f/2/f2eb3e5MIRNSH2003SUM_1.jpg?rnd=20200526195200,2.0,8999,Saree Mall Women's Vichitra Silk Purple Embroidered Designer Saree with Unstitched Blouse,https://assets.stylumia.com/originals/2024/10/211/d697d6cd8dec8dc557a3d403e8185f1e2266533f41e170f403c74726f2f88be7.jpg,211.0,[],"{'Pattern': 'Embroidered', 'Care instructions': 'Dry Clean', 'Type of Work': 'Embroidered', 'Responsiblity Criteria': 'Responsible production', 'Occasion': 'Party', 'Pack Size': 'Single', 'Pack contains': '1 Saree, 1 Unstitched Blouse', 'Address of Manufacturer/ Packer/ Importer': 'B-4024,aashirwad Textile Market Surat, Gujarat- 395010', 'Sold By': 'Aarsh Lifestyle Private Limited', 'Country of Origin': 'India', 'Name of Manufacturer/ Packer/ Importer': 'Aarsh Lifestyle Private Limited'}",Sarees,Nykaa Fashion IN,saree
"product_name:Love s last shift or The fool in fashion. A comedy As it is acted at the Theatre Royal by His Majesty s servants Written by C Cibber 1702
feature_image url:https://t1.sdlcdn.com/imgs/k/l/4/230X258_sharpened/Love-s-last-shift-or-SDL924450893-1-fe516.jpg
mrp:356
url:https://www.snapdeal.com/product/love-s-last-shift-or/642422995854#bcrumbSearch:%20a%20purple%20saree%2C%20which%20is%20a%20traditional%20Indian%20garment%20made%20of%20silk%20or%20a%20silk%20blend.%20The%20saree%20is%20draped%20over%20a%20woman%27s%20body
meta_info:Snapdeal data",,Snapdeal data,,https://www.snapdeal.com/product/love-s-last-shift-or/642422995854#bcrumbSearch:%20a%20purple%20saree%2C%20which%20is%20a%20traditional%20Indian%20garment%20made%20of%20silk%20or%20a%20silk%20blend.%20The%20saree%20is%20draped%20over%20a%20woman%27s%20body,,,https://t1.sdlcdn.com/imgs/k/l/4/230X258_sharpened/Love-s-last-shift-or-SDL924450893-1-fe516.jpg,,356,Love s last shift or The fool in fashion. A comedy As it is acted at the Theatre Royal by His Majesty s servants Written by C Cibber 1702,,,,,,,df_imported
"Product : The product in the image is a saree
 Colour:  The saree in this image is golden in color, which is a common color for sarees due to its reflective properties",88.0,SHREE JAY MAHALAXMI CREATION Supplier Information,debb6ac10bffde0152ce9e1f9b9ad0ca909978db5f3f9f8680f422da98fb9cd9,https://www.meesho.com/goldline-gray-colour-line-foil-print-saree/p/6j6yvl,6j6yvl,Generic,https://images.meesho.com/images/products/395034897/7qsmc.jpg,2.0,2500,GOLDLINE GRAY COLOUR LINE FOIL PRINT SAREE,https://assets.stylumia.com/originals/2024/11/401/debb6ac10bffde0152ce9e1f9b9ad0ca909978db5f3f9f8680f422da98fb9cd9.jpg,401.0,[],{'Supplier Information': 'SHREE JAY MAHALAXMI CREATION'},Sarees,Meesho IN,saree
"Product : The product in the image is a saree
 Colour:  The saree in this image has a light beige color, which is a common choice for sarees as it is versatile and can be paired with various colors and patterns",88.0,EVERYDAY CREATIONS Supplier Information,05f0e511efe0e3cb5c9129b59e7cca06bf1e22cf8f1fa3cd514606e85924a708,https://www.meesho.com/womens-lahariya-saree-bandhani-sareegeorgette-saree-rainbow-sareemulticolor-sareepack-of-1/p/59svrr,59svrr,Generic,https://images.meesho.com/images/products/318794967/ib4r6.jpg,2.0,999,Women's Lahariya Saree Bandhani Saree/Georgette Saree Rainbow Saree/MultiColor Saree(Pack Of 1),https://assets.stylumia.com/originals/2024/10/401/05f0e511efe0e3cb5c9129b59e7cca06bf1e22cf8f1fa3cd514606e85924a708.jpg,401.0,[],{'Supplier Information': 'EVERYDAY CREATIONS'},Sarees,Meesho IN,saree
"Product : The product in this image is a costume set designed for a child
 Colour:  The costume features a combination of colors that mimic the appearance of a clown's outfit, with the most prominent colors being red, green, yellow, and purple",30.0,"89% Polyester, 11% Elastane Composition Long Sleeve Sleeve Length Sweetheart Neckline Black Color Regular Sleeve sz2406051979709113 goods_sn Knitted Fabric Material Flared Hem Shaped High Waist Waist Line A Line Slim Fit Machine wash, do not dry clean,wash with the soft detergent Care Instructions Short Length Figure, Halloween, Patchwork, All Over Print Casual Style High Stretch Fabric Unlined Body",e4feac95862a7d2123991aa9ba7a176707229c7a37d81ed2ea2c4eac0a6d8e84,https://us.shein.com/IT-x-SHEIN-Fall-And-Winter-Halloween-Black-Long-Sleeve-Dress-Scary-Clown-Pattern-IT-Pattern-p-41222371-cat-1727.html,41222371,SHEIN,https://img.ltwebstatic.com/images3_pi/2024/09/09/77/17258537443390fe46d28ed9c3395225b67a9582e7.jpg,2.0,1348,IT x SHEIN Fall And Winter Halloween Black Long Sleeve Dress Scary Clown Pattern IT Pattern,https://assets.stylumia.com/originals/2024/09/49/e4feac95862a7d2123991aa9ba7a176707229c7a37d81ed2ea2c4eac0a6d8e84.jpg,49.0,[],"{'Composition': '89% Polyester, 11% Elastane', 'Sleeve Length': 'Long Sleeve', 'Neckline': 'Sweetheart', 'Color': 'Black', 'Sleeve Type': 'Regular Sleeve', 'goods_sn': 'sz2406051979709113', 'Material': 'Knitted Fabric', 'Hem Shaped': 'Flared', 'Waist Line': 'High Waist', 'Type': 'A Line', 'Fit Type': 'Slim Fit', 'Care Instructions': 'Machine wash, do not dry clean,wash with the soft detergent', 'Length': 'Short', 'Pattern Type': 'Figure, Halloween, Patchwork, All Over Print', 'Style': 'Casual', 'Fabric': 'High Stretch', 'Body': 'Unlined', 'Sheer': 'No'}",Dresses,Shein US,dresses
"Product : The product in the image is a bottle with a dark blue color
 Colour: The product in the image is a bottle with a dark blue color, which is likely a shade of blue, given the context of the product being a water bottle",91.0,"Length Blue Color Colorblock, Striped Casual Style sm2410189148226285 goods_sn Single Breasted Placket",7280666863ccd734167076a7e1ee48c2b286b68736204c3694a365eafeb53324,https://us.shein.com/Thom-Browne-Oxford-Long-Sleeve-Shirt-Light-Blue-p-45729234-cat-1979.html,45729234,Thom Browne,https://img.ltwebstatic.com/images3_spmp/2024/09/13/fc/1726239591a30c1e3138a8ab43f19a5bc33082f9b1_square.jpg,1.0,85197,Thom Browne Oxford Long Sleeve Shirt Light Blue,https://assets.stylumia.com/originals/2024/10/49/7280666863ccd734167076a7e1ee48c2b286b68736204c3694a365eafeb53324.jpg,49.0,[],"{'Length': 'Regular', 'Color': 'Blue', 'Pattern Type': 'Colorblock, Striped', 'Style': 'Casual', 'goods_sn': 'sm2410189148226285', 'Placket': 'Single Breasted'}",Shirts,Shein US,shirts
"Product : The product in the image is a water bottle
 Colour:  The brand name ""Pexpo"" is visible on the bottle, and the color of the bottle is dark blue",120.0,"Black Primary Color Silicone Strap Material 1N Net Qty 1-year warranty against manufacturing defects Warranty Timex Group India Limited, Plot No. 10, Industrial Area- Katha, Bhatoli Kalan, Baddi, Himachal Pradesh – 173205 Marketed By China Country Of Origin Tower-B, 7th Floor,IBC Knowledge Park,Bannerghatta Main Road,Bhavani Nagar, S.G. Palya,Bengaluru, Karnataka – 560029,Ph: 1800-889-9991,E-mail: customercare@ajio.com Customer Care Address Clean the dial with a cotton cloth Care Black Strap Color Women's Watches Commodity Water resistant up 50 m Additional Information 1 Timex Group India Limited, Plot No. 10, Industrial Area- Katha, Bhatoli Kalan, Baddi, Himachal Pradesh – 173205 Imported By Water-resistant Feature1 Package contains: 1 watch Package Contains",4dd540db8f1bafe65a8e1ec9b2543433010731f772cfc5aa2131fe9854b9ccf0,https://www.ajio.com/philipp-plein-unisex-water-resistant-analogue-watch--pwvaa0623/p/469551350_black,469551350_black,Philipp Plein,https://assets.ajio.com/medias/sys_master/root/20230927/a78D/6513b3a4ddf77915190592b9/-1117Wx1400H-469551350-black-MODEL.jpg,2.0,45995,Unisex Water-Resistant Analogue Watch - PWVAA0623,https://assets.stylumia.com/originals/2024/10/164/4dd540db8f1bafe65a8e1ec9b2543433010731f772cfc5aa2131fe9854b9ccf0.jpg,164.0,[],"{'Primary Color': 'Black', 'Strap Material': 'Silicone', 'Net Qty': '1N', 'Warranty': '1-year warranty against manufacturing defects', 'Marketed By': 'Timex Group India Limited, Plot No. 10, Industrial Area- Katha, Bhatoli Kalan, Baddi, Himachal Pradesh – 173205', 'Country Of Origin': 'China', 'Customer Care Address': 'Tower-B, 7th Floor,IBC Knowledge Park,Bannerghatta Main Road,Bhavani Nagar, S.G. Palya,Bengaluru, Karnataka – 560029,Ph: 1800-889-9991,E-mail: customercare@ajio.com', 'Care': 'Clean the dial with a cotton cloth', 'Strap Color': 'Black', 'Commodity': ""Women's Watches"", 'Additional Information 1': 'Water resistant up 50 m', 'Imported By': 'Timex Group India Limited, Plot No. 10, Industrial Area- Katha, Bhatoli Kalan, Baddi, Himachal Pradesh – 173205', 'Feature1': 'Water-resistant', 'Package Contains': 'Package contains: 1 watch'}",Watches,Ajio IN,watches
Blue Thermos,91.0,"Contrast Binding Details Round Neck Neckline Length Multicolor Color Colorblock, Letter, Striped Casual Style sm2410154775433147 goods_sn",26852ad8346885bd743296de0262e425d1a475989b967ba28eb89953d831ba1c,https://us.shein.com/Bape-BAPE-A-Bathing-Ape-Color-Camo-New-York-Knicks-Basketball-Tank-Top-Jersey-Blue-Orange-SS20--p-44843101-cat-1979.html,44843101,Bape,https://img.ltwebstatic.com/images3_spmp/2024/10/15/6a/1728954852bdbb870732220d0883813c495daaca03_square.jpg,1.0,23026,Bape BAPE A Bathing Ape Color Camo New York Knicks Basketball Tank Top Jersey Blue Orange SS20,https://assets.stylumia.com/originals/2024/10/49/26852ad8346885bd743296de0262e425d1a475989b967ba28eb89953d831ba1c.jpg,49.0,[],"{'Details': 'Contrast Binding', 'Neckline': 'Round Neck', 'Length': 'Regular', 'Color': 'Multicolor', 'Pattern Type': 'Colorblock, Letter, Striped', 'Style': 'Casual', 'goods_sn': 'sm2410154775433147'}",Shirts,Shein US,shirts
Red Silk Saree,88.0,Ahmad silk fabrics Supplier Information,11c7d0828efd38e5e8f43a9d36c608b47deb803e6288f6683001581ffa7e0f65,https://www.meesho.com/banarasi-koramuslin-saree-new-arrival-latest-design-silk-saree-red-saree-pink-saree/p/6fiz3k,6fiz3k,Generic,https://images.meesho.com/images/products/388876592/p65pr.jpg,2.0,899,Banarasi koramuslin saree new arrival latest design silk saree red saree pink saree,https://assets.stylumia.com/originals/2024/11/401/11c7d0828efd38e5e8f43a9d36c608b47deb803e6288f6683001581ffa7e0f65.jpg,401.0,[],{'Supplier Information': 'Ahmad silk fabrics'},Sarees,Meesho IN,saree
Golden saree,88.0,SAANVI BUTIQUE Supplier Information,d5bca3cdc4c878c7eb9043ce595e0f4df799c68451e5860ce4ad34491f5b63ca,https://www.meesho.com/high-qualtiy-white-and-goldtoned-kerala-kasavu-saree-solid-saree-with-zari-border/p/7bjbz1,7bjbz1,Generic,https://images.meesho.com/images/products/442640989/vlned.jpg,2.0,1999,High Qualtiy White and gold-toned kerala kasavu saree | Solid saree with zari border,https://assets.stylumia.com/originals/2024/11/401/d5bca3cdc4c878c7eb9043ce595e0f4df799c68451e5860ce4ad34491f5b63ca.jpg,401.0,[],{'Supplier Information': 'SAANVI BUTIQUE'},Sarees,Meesho IN,saree
"product_name:PearlPet - Blue Fridge Water Bottle ( Pack of 6 )
feature_image url:https://t1.sdlcdn.com/imgs/k/i/b/230X258_sharpened/PearlPet-Blue-Fridge-Water-Bottle-SDL881050079-1-6f4a0.jpg
mrp:581
url:https://www.snapdeal.com/product/pearlpet-grey-fridge-water-bottle/6917529651084469901#bcrumbSearch:Dark%20blue%20water%20bottle
meta_info:Snapdeal data",,Snapdeal data,,https://www.snapdeal.com/product/pearlpet-grey-fridge-water-bottle/6917529651084469901#bcrumbSearch:Dark%20blue%20water%20bottle,,,https://t1.sdlcdn.com/imgs/k/i/b/230X258_sharpened/PearlPet-Blue-Fridge-Water-Bottle-SDL881050079-1-6f4a0.jpg,,581,PearlPet - Blue Fridge Water Bottle ( Pack of 6 ),,,,,,,df_imported
"product_name:PearlPet - Blue Fridge Water Bottle ( Pack of 6 )
feature_image url:https://t1.sdlcdn.com/imgs/k/i/b/230X258_sharpened/PearlPet-Blue-Fridge-Water-Bottle-SDL881050079-1-6f4a0.jpg
mrp:581
url:https://www.snapdeal.com/product/pearlpet-grey-fridge-water-bottle/6917529651084469901#bcrumbSearch:Blue%20water%20bottle
meta_info:Snapdeal data",,Snapdeal data,,https://www.snapdeal.com/product/pearlpet-grey-fridge-water-bottle/6917529651084469901#bcrumbSearch:Blue%20water%20bottle,,,https://t1.sdlcdn.com/imgs/k/i/b/230X258_sharpened/PearlPet-Blue-Fridge-Water-Bottle-SDL881050079-1-6f4a0.jpg,,581,PearlPet - Blue Fridge Water Bottle ( Pack of 6 ),,,,,,,df_imported
"product_name:PearlPet - Purple Water Bottle ( Pack of 6 )
feature_image url:https://t1.sdlcdn.com/imgs/k/i/b/230X258_sharpened/PearlPet-Purple-Water-Bottle-Pack-SDL670354617-1-ac1e8.jpg
mrp:533
url:https://www.snapdeal.com/product/pearlpet-blue-water-bottle-pack/8070451171248804172#bcrumbSearch:Dark%20Blue%20Water%20Bottle
meta_info:Snapdeal data",,Snapdeal data,,https://www.snapdeal.com/product/pearlpet-blue-water-bottle-pack/8070451171248804172#bcrumbSearch:Dark%20Blue%20Water%20Bottle,,,https://t1.sdlcdn.com/imgs/k/i/b/230X258_sharpened/PearlPet-Purple-Water-Bottle-Pack-SDL670354617-1-ac1e8.jpg,,533,PearlPet - Purple Water Bottle ( Pack of 6 ),,,,,,,df_imported
Navy blue water bottle,91.0,"Shirt Button, Pocket Details Long Sleeve Sleeve Length Collar Neckline Loose Long Length White Color Plain Casual Style Regular Sleeve sm2407244338916880 goods_sn Asymmetrical Hem Shaped",ab3e06cc18bc5346c1ef8a2eabc7a8697e6b1f93b4cf3aca03bc399610f081d5,https://us.shein.com/Off-White-Men-s-Shirt-WHITE-OMYD059S24DEN0010202-p-41101578-cat-1979.html,41101578,Off-White,https://img.ltwebstatic.com/images3_spmp/2024/07/24/87/172181833529afa313bbc1d586213637e7f62dadf3.jpg,1.0,77241,Off White Men s Shirt WHITE OMYD059S24DEN0010202,https://assets.stylumia.com/originals/2024/08/49/ab3e06cc18bc5346c1ef8a2eabc7a8697e6b1f93b4cf3aca03bc399610f081d5.jpg,49.0,[],"{'Type': 'Shirt', 'Details': 'Button, Pocket', 'Sleeve Length': 'Long Sleeve', 'Neckline': 'Collar', 'Fit Type': 'Loose', 'Length': 'Long', 'Color': 'White', 'Pattern Type': 'Plain', 'Style': 'Casual', 'Sleeve Type': 'Regular Sleeve', 'goods_sn': 'sm2407244338916880', 'Hem Shaped': 'Asymmetrical'}",Shirts,Shein US,df_imported
Dark blue water bottle,91.0,"Shirt Button, Pocket Details Long Sleeve Sleeve Length Collar Neckline Loose Long Length White Color Plain Casual Style Regular Sleeve sm2407244338916880 goods_sn Asymmetrical Hem Shaped",ab3e06cc18bc5346c1ef8a2eabc7a8697e6b1f93b4cf3aca03bc399610f081d5,https://us.shein.com/Off-White-Men-s-Shirt-WHITE-OMYD059S24DEN0010202-p-41101578-cat-1979.html,41101578,Off-White,https://img.ltwebstatic.com/images3_spmp/2024/07/24/87/172181833529afa313bbc1d586213637e7f62dadf3.jpg,1.0,77241,Off White Men s Shirt WHITE OMYD059S24DEN0010202,https://assets.stylumia.com/originals/2024/08/49/ab3e06cc18bc5346c1ef8a2eabc7a8697e6b1f93b4cf3aca03bc399610f081d5.jpg,49.0,[],"{'Type': 'Shirt', 'Details': 'Button, Pocket', 'Sleeve Length': 'Long Sleeve', 'Neckline': 'Collar', 'Fit Type': 'Loose', 'Length': 'Long', 'Color': 'White', 'Pattern Type': 'Plain', 'Style': 'Casual', 'Sleeve Type': 'Regular Sleeve', 'goods_sn': 'sm2407244338916880', 'Hem Shaped': 'Asymmetrical'}",Shirts,Shein US,df_imported
"product_name:PearlPet - Olive Green Water Bottle ( Pack of 6 )
feature_image url:https://t3.sdlcdn.com/imgs/k/i/b/230X258_sharpened/PearlPet-Olive-Green-Water-Bottle-SDL660996988-1-09bbb.jpg
mrp:570
url:https://www.snapdeal.com/product/pearlpet-blue-water-bottle-pack/6917529666641957196#bcrumbSearch:Dark%20Blue%20Water%20Bottle
meta_info:Snapdeal data",,Snapdeal data,,https://www.snapdeal.com/product/pearlpet-blue-water-bottle-pack/6917529666641957196#bcrumbSearch:Dark%20Blue%20Water%20Bottle,,,https://t3.sdlcdn.com/imgs/k/i/b/230X258_sharpened/PearlPet-Olive-Green-Water-Bottle-SDL660996988-1-09bbb.jpg,,570,PearlPet - Olive Green Water Bottle ( Pack of 6 ),,,,,,,df_imported
"product_name:Speedex Fridge Water Bottle Office Gym Sports School Kids Blue 750 mL Steel Fridge Bottle set of 1
feature_image url:https://t1.sdlcdn.com/imgs/k/c/7/230X258_sharpened/Speedex-Fridge-Water-Bottle-Office-SDL409334214-1-8480a.jpg
mrp:371
url:https://www.snapdeal.com/product/speedex-fridge-water-bottle-office/6917529665391219773#bcrumbSearch:Blue%20sports%20bottle
meta_info:Snapdeal data",,Snapdeal data,,https://www.snapdeal.com/product/speedex-fridge-water-bottle-office/6917529665391219773#bcrumbSearch:Blue%20sports%20bottle,,,https://t1.sdlcdn.com/imgs/k/c/7/230X258_sharpened/Speedex-Fridge-Water-Bottle-Office-SDL409334214-1-8480a.jpg,,371,Speedex Fridge Water Bottle Office Gym Sports School Kids Blue 750 mL Steel Fridge Bottle set of 1,,,,,,,df_imported
red saree,88.0,SHARDA Supplier Information,ac448dbc6675c3c83703e80bcb958260f4343ab1113f8a7be2d817333a653e19,https://www.meesho.com/tusser-cotton-zari-women-red-color-saree-with-unstitched-blouse-perfect-saree-for-occasions-like-wedding-christmas-party-turmeric-ceremony/p/3of2a7,3of2a7,Generic,https://images.meesho.com/images/products/222412111/jh4u9.jpg,2.0,899,Tusser Cotton Zari Women Red Color Saree With Unstitched Blouse. Perfect Saree for occasions like wedding/ Christmas Party & Turmeric Ceremony,https://assets.stylumia.com/originals/2024/10/401/ac448dbc6675c3c83703e80bcb958260f4343ab1113f8a7be2d817333a653e19.jpg,401.0,[],{'Supplier Information': 'SHARDA'},Sarees,Meesho IN,saree
"product_name:PearlPet - Blue Fridge Water Bottle ( Pack of 6 )
feature_image url:https://t1.sdlcdn.com/imgs/k/i/b/230X258_sharpened/PearlPet-Blue-Fridge-Water-Bottle-SDL881050079-1-6f4a0.jpg
mrp:581
url:https://www.snapdeal.com/product/pearlpet-grey-fridge-water-bottle/6917529651084469901#bcrumbSearch:Blue%20water%20bottle%20%28Pexpo%29
meta_info:Snapdeal data",,Snapdeal data,,https://www.snapdeal.com/product/pearlpet-grey-fridge-water-bottle/6917529651084469901#bcrumbSearch:Blue%20water%20bottle%20%28Pexpo%29,,,https://t1.sdlcdn.com/imgs/k/i/b/230X258_sharpened/PearlPet-Blue-Fridge-Water-Bottle-SDL881050079-1-6f4a0.jpg,,581,PearlPet - Blue Fridge Water Bottle ( Pack of 6 ),,,,,,,df_imported
"product_name:Milton Kool Hexone 1200 Insulated Water Bottle, 1.12 Litres, Red
feature_image url:https://t3.sdlcdn.com/imgs/k/m/u/230X258_sharpened/Milton-Kool-hexone-1200-Red-SDL602923347-1-3529e.jpg
mrp:248
url:https://www.snapdeal.com/product/milton-kool-hexone1200blck-black-1100/6917529656505538878#bcrumbSearch:red%20bottle
meta_info:Snapdeal data",,Snapdeal data,,https://www.snapdeal.com/product/milton-kool-hexone1200blck-black-1100/6917529656505538878#bcrumbSearch:red%20bottle,,,https://t3.sdlcdn.com/imgs/k/m/u/230X258_sharpened/Milton-Kool-hexone-1200-Red-SDL602923347-1-3529e.jpg,,248,"Milton Kool Hexone 1200 Insulated Water Bottle, 1.12 Litres, Red",,,,,,,df_imported
"product_name:PearlPet - Blue Fridge Water Bottle ( Pack of 6 )
feature_image url:https://t1.sdlcdn.com/imgs/k/i/b/230X258_sharpened/PearlPet-Blue-Fridge-Water-Bottle-SDL881050079-1-6f4a0.jpg
mrp:581
url:https://www.snapdeal.com/product/pearlpet-grey-fridge-water-bottle/6917529651084469901#bcrumbSearch:Dark%20Blue%20Water%20Bottle
meta_info:Snapdeal data",,Snapdeal data,,https://www.snapdeal.com/product/pearlpet-grey-fridge-water-bottle/6917529651084469901#bcrumbSearch:Dark%20Blue%20Water%20Bottle,,,https://t1.sdlcdn.com/imgs/k/i/b/230X258_sharpened/PearlPet-Blue-Fridge-Water-Bottle-SDL881050079-1-6f4a0.jpg,,581,PearlPet - Blue Fridge Water Bottle ( Pack of 6 ),,,,,,,df_imported
"product_name:BLEESBURY Women Ethnic Motifs Woven Kanjivaram Saree with Blouse Piece - Tan
feature_image url:https://t2.sdlcdn.com/imgs/k/r/n/230X258_sharpened/Rangita-kanjivaram-Woven-Saree-With-SDL753414694-1-2d6d0.jpg
mrp:555
url:https://www.snapdeal.com/product/rangita-kanjivaram-woven-saree-with/5764608194452988059#bcrumbSearch:Tan%20saree
meta_info:Snapdeal data",,Snapdeal data,,https://www.snapdeal.com/product/rangita-kanjivaram-woven-saree-with/5764608194452988059#bcrumbSearch:Tan%20saree,,,https://t2.sdlcdn.com/imgs/k/r/n/230X258_sharpened/Rangita-kanjivaram-Woven-Saree-With-SDL753414694-1-2d6d0.jpg,,555,BLEESBURY Women Ethnic Motifs Woven Kanjivaram Saree with Blouse Piece - Tan,,,,,,,df_imported
"product_name:Saadhvi Art Silk Printed Saree With Blouse Piece - Cream ( Pack of 1 )
feature_image url:https://t4.sdlcdn.com/imgs/k/v/t/230X258_sharpened/Saadhvi-Art-Silk-Printed-Saree-SDL939614858-1-603b8.jpg
mrp:238
url:https://www.snapdeal.com/product/saadhvi-art-silk-printed-saree/660548281204#bcrumbSearch:Golden%20cream%20silk%20saree
meta_info:Snapdeal data",,Snapdeal data,,https://www.snapdeal.com/product/saadhvi-art-silk-printed-saree/660548281204#bcrumbSearch:Golden%20cream%20silk%20saree,,,https://t4.sdlcdn.com/imgs/k/v/t/230X258_sharpened/Saadhvi-Art-Silk-Printed-Saree-SDL939614858-1-603b8.jpg,,238,Saadhvi Art Silk Printed Saree With Blouse Piece - Cream ( Pack of 1 ),,,,,,,df_imported
"product_name:Gazal Fashions - Gold Banarasi Silk Saree With Blouse Piece (Pack of 1)
feature_image url:https://t1.sdlcdn.com/imgs/k/h/m/230X258_sharpened/Gazal-Fashions-Gold-Banarasi-Silk-SDL879083173-1-0ba4c.jpg
mrp:411
url:https://www.snapdeal.com/product/gazal-fashions-black-banarasi-silk/649423442651#bcrumbSearch:Gold%20silk%20saree
meta_info:Snapdeal data",,Snapdeal data,,https://www.snapdeal.com/product/gazal-fashions-black-banarasi-silk/649423442651#bcrumbSearch:Gold%20silk%20saree,,,https://t1.sdlcdn.com/imgs/k/h/m/230X258_sharpened/Gazal-Fashions-Gold-Banarasi-Silk-SDL879083173-1-0ba4c.jpg,,411,Gazal Fashions - Gold Banarasi Silk Saree With Blouse Piece (Pack of 1),,,,,,,df_imported
"product_name:Gazal Fashions - Gold Banarasi Silk Saree With Blouse Piece (Pack of 1)
feature_image url:https://t1.sdlcdn.com/imgs/k/h/m/230X258_sharpened/Gazal-Fashions-Gold-Banarasi-Silk-SDL879083173-1-0ba4c.jpg
mrp:411
url:https://www.snapdeal.com/product/gazal-fashions-black-banarasi-silk/649423442651#bcrumbSearch:Gold%20silk%20saree%2C%20gold%20color
meta_info:Snapdeal data",,Snapdeal data,,https://www.snapdeal.com/product/gazal-fashions-black-banarasi-silk/649423442651#bcrumbSearch:Gold%20silk%20saree%2C%20gold%20color,,,https://t1.sdlcdn.com/imgs/k/h/m/230X258_sharpened/Gazal-Fashions-Gold-Banarasi-Silk-SDL879083173-1-0ba4c.jpg,,411,Gazal Fashions - Gold Banarasi Silk Saree With Blouse Piece (Pack of 1),,,,,,,df_imported
"product_name:BLEESBURY Pack of 1 Banarasi Silk Woven Saree With Blouse Piece ( Rose Gold )
feature_image url:https://t1.sdlcdn.com/imgs/k/h/m/230X258_sharpened/Gazal-Fashions-Gold-Banarasi-Silk-SDL879083173-1-0ba4c.jpg
mrp:436
url:https://www.snapdeal.com/product/rangita-mint-green-banarasi-silk/6917529655413451498#bcrumbSearch:gold%20silk%20saree
meta_info:Snapdeal data",,Snapdeal data,,https://www.snapdeal.com/product/rangita-mint-green-banarasi-silk/6917529655413451498#bcrumbSearch:gold%20silk%20saree,,,https://t1.sdlcdn.com/imgs/k/h/m/230X258_sharpened/Gazal-Fashions-Gold-Banarasi-Silk-SDL879083173-1-0ba4c.jpg,,436,BLEESBURY Pack of 1 Banarasi Silk Woven Saree With Blouse Piece ( Rose Gold ),,,,,,,df_imported
Deep Purple Saree,,Colour:Purple Fabric:Art Silk Design Type:Weave Items Included:Saree Wash Care:Dry Clean Only Discla,,https://www.manyavar.com/en-in/saree/lavish-purple-extravaganza-saree/UC134638.html,,Mohey,https://manyavar.scene7.com/is/image/manyavar/SB16831_413-PURPLE_444.34936_23-10-2024-18-38:650x900,,1499,Lavish Purple Extravaganza Saree,,,,,Sarees,Manyavar IN,
Purple saree,,Colour:Purple Fabric:Art Silk Design Type:Weave Items Included:Saree Wash Care:Dry Clean Only Discla,,https://www.manyavar.com/en-in/saree/lavish-purple-extravaganza-saree/UC134638.html,,Mohey,https://manyavar.scene7.com/is/image/manyavar/SB16831_413-PURPLE_444.34936_23-10-2024-18-38:650x900,,1499,Lavish Purple Extravaganza Saree,,,,,Sarees,Manyavar IN,
"product_name:PearlPet - Blue Fridge Water Bottle ( Pack of 6 )
feature_image url:https://t1.sdlcdn.com/imgs/k/i/b/230X258_sharpened/PearlPet-Blue-Fridge-Water-Bottle-SDL881050079-1-6f4a0.jpg
mrp:581
url:https://www.snapdeal.com/product/pearlpet-grey-fridge-water-bottle/6917529651084469901#bcrumbSearch:Blue%20Pexpo%20water%20bottle
meta_info:Snapdeal data",,Snapdeal data,,https://www.snapdeal.com/product/pearlpet-grey-fridge-water-bottle/6917529651084469901#bcrumbSearch:Blue%20Pexpo%20water%20bottle,,,https://t1.sdlcdn.com/imgs/k/i/b/230X258_sharpened/PearlPet-Blue-Fridge-Water-Bottle-SDL881050079-1-6f4a0.jpg,,581,PearlPet - Blue Fridge Water Bottle ( Pack of 6 ),,,,,,,df_imported
Purple Saree,,Colour:Purple Fabric:Art Silk Design Type:Weave Items Included:Saree Wash Care:Dry Clean Only Discla,,https://www.manyavar.com/en-in/saree/lavish-purple-extravaganza-saree/UC134638.html,,Mohey,https://manyavar.scene7.com/is/image/manyavar/SB16831_413-PURPLE_444.34936_23-10-2024-18-38:650x900,,1499,Lavish Purple Extravaganza Saree,,,,,Sarees,Manyavar IN,
Dark Purple Saree,,Colour:Purple Fabric:Art Silk Design Type:Weave Items Included:Saree Wash Care:Dry Clean Only Discla,,https://www.manyavar.com/en-in/saree/lavish-purple-extravaganza-saree/UC134638.html,,Mohey,https://manyavar.scene7.com/is/image/manyavar/SB16831_413-PURPLE_444.34936_23-10-2024-18-38:650x900,,1499,Lavish Purple Extravaganza Saree,,,,,Sarees,Manyavar IN,
"product_name:NENCY FASHION - Purple Banarasi Silk Saree With Blouse Piece ( Pack of 1 )
feature_image url:https://t3.sdlcdn.com/imgs/k/n/r/230X258_sharpened/NENCY-FASHION-Purple-Banarasi-Silk-SDL847592588-1-b2bc9.jpg
mrp:437
url:https://www.snapdeal.com/product/nency-fashion-navy-blue-cotton/7493990399957555411#bcrumbSearch:Purple%20silk%20saree
meta_info:Snapdeal data",,Snapdeal data,,https://www.snapdeal.com/product/nency-fashion-navy-blue-cotton/7493990399957555411#bcrumbSearch:Purple%20silk%20saree,,,https://t3.sdlcdn.com/imgs/k/n/r/230X258_sharpened/NENCY-FASHION-Purple-Banarasi-Silk-SDL847592588-1-b2bc9.jpg,,437,NENCY FASHION - Purple Banarasi Silk Saree With Blouse Piece ( Pack of 1 ),,,,,,,df_imported
Red Silk Saree,,Ahmad silk fabrics Supplier Information,,https://www.meesho.com/banarasi-koramuslin-saree-new-arrival-latest-design-silk-saree-red-saree-pink-saree/p/6fiz3k,,Generic,https://images.meesho.com/images/products/388876592/p65pr.jpg,,899,Banarasi koramuslin saree new arrival latest design silk saree red saree pink saree,,,,,Sarees,Meesho IN,
burgundy saree,,SNEHA FAS Supplier Information,,https://www.meesho.com/wine-color-sareeembrodered-sareegeorgette-embroidered-elegant-wine-color-saree-with-blouse-saree-for-women-trending-saree-for-women-bollywood-stylish-party-wear-saree/p/6oo6fo,,Generic,https://images.meesho.com/images/products/404235924/dnll2.jpg,,1299,"Wine Color Saree,Embrodered Saree,Georgette Embroidered Elegant Wine Color Saree With Blouse || Saree For Women || Trending Saree For Women || Bollywood Stylish Party Wear Saree.",,,,,Sarees,Meesho IN,
Red Saree,,SHARDA Supplier Information,,https://www.meesho.com/tusser-cotton-zari-women-red-color-saree-with-unstitched-blouse-perfect-saree-for-occasions-like-wedding-christmas-party-turmeric-ceremony/p/3of2a7,,Generic,https://images.meesho.com/images/products/222412111/jh4u9.jpg,,899,Tusser Cotton Zari Women Red Color Saree With Unstitched Blouse. Perfect Saree for occasions like wedding/ Christmas Party & Turmeric Ceremony,,,,,Sarees,Meesho IN,
red saree,,SHARDA Supplier Information,,https://www.meesho.com/tusser-cotton-zari-women-red-color-saree-with-unstitched-blouse-perfect-saree-for-occasions-like-wedding-christmas-party-turmeric-ceremony/p/3of2a7,,Generic,https://images.meesho.com/images/products/222412111/jh4u9.jpg,,899,Tusser Cotton Zari Women Red Color Saree With Unstitched Blouse. Perfect Saree for occasions like wedding/ Christmas Party & Turmeric Ceremony,,,,,Sarees,Meesho IN,
"product_name:Gazal Fashions - Beige Silk Saree With Blouse Piece (Pack of 1)
feature_image url:https://t1.sdlcdn.com/imgs/k/x/c/230X258_sharpened/Saadhvi-Cotton-Silk-Applique-Saree-SDL101931105-1-63e8d.jpg
mrp:422
url:https://www.snapdeal.com/product/gazal-fashions-beigemaroon-banarasi-silk/672517175739#bcrumbSearch:Light%20beige%20silk%20saree
meta_info:Snapdeal data",,Snapdeal data,,https://www.snapdeal.com/product/gazal-fashions-beigemaroon-banarasi-silk/672517175739#bcrumbSearch:Light%20beige%20silk%20saree,,,https://t1.sdlcdn.com/imgs/k/x/c/230X258_sharpened/Saadhvi-Cotton-Silk-Applique-Saree-SDL101931105-1-63e8d.jpg,,422,Gazal Fashions - Beige Silk Saree With Blouse Piece (Pack of 1),,,,,,,df_imported
"product_name:INFISPACE Kid's Reusable EVA Rain Poncho Raincoat| Rain Jackets Long with Hood Purple Color Raincoat pack of 1_12 - 13 Years
feature_image url:https://t4.sdlcdn.com/imgs/k/v/e/230X258_sharpened/INFISPACE-Kid-s-Reusable-EVA-SDL250535972-1-038e9.jpg
mrp:207
url:https://www.snapdeal.com/product/infispace-kids-reusable-eva-rain/5188147432336724030#bcrumbSearch:kids%20leather%20jacket
meta_info:Snapdeal data",,Snapdeal data,,https://www.snapdeal.com/product/infispace-kids-reusable-eva-rain/5188147432336724030#bcrumbSearch:kids%20leather%20jacket,,,https://t4.sdlcdn.com/imgs/k/v/e/230X258_sharpened/INFISPACE-Kid-s-Reusable-EVA-SDL250535972-1-038e9.jpg,,207,INFISPACE Kid's Reusable EVA Rain Poncho Raincoat| Rain Jackets Long with Hood Purple Color Raincoat pack of 1_12 - 13 Years,,,,,,,df_imported
"product_name:I want To be Series For Kids | Pack of 5 Books (v1) | Super jumbo combo for collecters and library Cut out die cut Shape Learning books
feature_image url:https://t1.sdlcdn.com/imgs/k/v/r/230X258_sharpened/I-want-To-be-Series-SDL654181416-1-c8f8b.jpg
mrp:363
url:https://www.snapdeal.com/product/i-want-to-be-series/623689702793#bcrumbSearch:i%20want%20kids%20leather%20jacket
meta_info:Snapdeal data",,Snapdeal data,,https://www.snapdeal.com/product/i-want-to-be-series/623689702793#bcrumbSearch:i%20want%20kids%20leather%20jacket,,,https://t1.sdlcdn.com/imgs/k/v/r/230X258_sharpened/I-want-To-be-Series-SDL654181416-1-c8f8b.jpg,,363,I want To be Series For Kids | Pack of 5 Books (v1) | Super jumbo combo for collecters and library Cut out die cut Shape Learning books,,,,,,,df_imported
"product_name:INFISPACE Kid's Reusable EVA Rain Poncho Raincoat| Rain Jackets Long with Hood White Color Raincoat pack of 1_14 - 15 Years
feature_image url:https://t4.sdlcdn.com/imgs/k/v/e/230X258_sharpened/INFISPACE-Kid-s-Reusable-EVA-SDL795084597-1-37c3c.jpg
mrp:207
url:https://www.snapdeal.com/product/infispace-kids-reusable-eva-rain/8070451193853841470#bcrumbSearch:kids%20leather%20jacket
meta_info:Snapdeal data",,Snapdeal data,,https://www.snapdeal.com/product/infispace-kids-reusable-eva-rain/8070451193853841470#bcrumbSearch:kids%20leather%20jacket,,,https://t4.sdlcdn.com/imgs/k/v/e/230X258_sharpened/INFISPACE-Kid-s-Reusable-EVA-SDL795084597-1-37c3c.jpg,,207,INFISPACE Kid's Reusable EVA Rain Poncho Raincoat| Rain Jackets Long with Hood White Color Raincoat pack of 1_14 - 15 Years,,,,,,,df_imported
